{
  "conditions": {
    "ref_name": {
      "exclude": [],
      "include": [
        "~DEFAULT_BRANCH"
      ]
    }
  },
  "enforcement": "active",
  "name": "main",
  "rules": [
    {
      "type": "deletion"
    },
    {
      "type": "non_fast_forward"
    },
    {
      "type": "required_signatures"
    },
    {
      "type": "pull_request",
      "parameters": {
        "required_approving_review_count": 1,
        "dismiss_stale_reviews_on_push": true,
        "require_code_owner_review": true,
        "require_last_push_approval": true,
        "required_review_thread_resolution": true,
        "automatic_copilot_code_review_enabled": false,
        "allowed_merge_methods": [
          "merge",
          "squash",
          "rebase"
        ]
      }
    }
  ],
  "target": "branch"
}